Code postal;numero;rue;ville;categorie;objet;statut;type;priorite;DemandeurId;DemandeurNom;DemandeurPrenom;TechnicienId;TechnicienNom;TechnicienPrenom
69000;32;RUE ALAINE;LYON;Etude;TEST;Resolu;Demande;1;12;RENARD;Maxime;2;VITTONE;Jules
13000;67;rue jean martin;marseille;Materiel;j'ai besoin de faire réparer mon ordinateur;Non resolu;Demande;1;100;DE SOUSA;Lionel;100;VIGLIONE;Sébastien
24240;5;route de nontron;Mareuil;Temperature;panne de chaudière;Ouvert;Incident;2;101;PAPA;Michel;101;TERZIAN;Jacques
91700;95;Avenue gabriel péri;Ste Geneviève des bois;Etude;Etude de plan;Resolu;Demande;3;102;LEVY;Sandra;102;GIRAUT;Patrick
13000;12;traverse des faienciers;Marseille;Materiel;j'ai besoin de faire réparer ma machine à laver le linge;Ouvert;Incident;1;103;GONTIER;Annie;103;CORENTI;Antoine
13260;3;avenue revestel;Cassis;Temperature;Panne de ballon d'eau chaude;Resolu;Demande;1;104;AZEMARD;Christophe;104;ARZALAOUI;Mohamed
13600;145;avenue du serpolet;La Ciotat;Etude;Etude de sol;Ouvert;Demande;3;105;BOLADO;Faustino;105;SOLINAS;Pierre
13190;10;rue marcel pagnol;Allauch;Materiel;j'ai besoin de louer un tractopelle;Non resolu;Demande;2;106;ROUX;Daniel;106;POIRIER;Joel
13950;18;chemin de la garrigue;Cadolive;Temperature;panne de radiateur;Ouvert;Incident;2;107;HERPE;Céline;107;LAPINA;Fabrice
13240;156;clos de la vigne;Gémenos;Materiel;j'ai besoin d'une porte de garage;non resolu;demande;3;108;MAANANE;Sabrina;108;POLITO ;Joseph
06200;20;rue des gravier;NICE;Temperature;panne du réseau de chauffage au gaz;Ouvert;Incident;2;109;POMMIER;Glady;109;ZIEMMIAK;Stanislas
83000;157;rue des miozotis;TOULON;Materiel;besoin de 10 fenètres;non resolu;demande;1;110;CANONEIRO;Madeleine;110;GLAVIC;Mathieu
44340;53;route de la villa mahaud;PORNICHET;Etude;Etude de plan;Ouvert;demande;3;111;VIDAL;Raphael;111;TRICHET;Fabien
91700;317;Avenue gabriel péri;Ste Geneviève des bois;temperature;panne de chaudière fuel;Resolu;Incident;2;112;DOUMALIN;Jeanine;112;Reynaud;Denis
28000;50;rue des Comtesses;Chartres;Materiel;Panne du téléviseur;en cours;Demande;3;113;DEVROE;Pascal;113;LAYANI;Ichoua
94700;19;rue de Reims;MAISON ALFORT;Materiel;J'ai besoin d'une porte d'entrée;Ouvert;Demande;1;114;FRANCISCO;Patrice;114;TEXEIRA;Abilio
94230;27;rue de la gare;CACHAN;temperature;Panne de chaudière;Resolu;Incident;3;115;GRELET;Christophe;115;LOUARMA;SaÏd
95270;6;rue des azalées;LUZARCHES;Materiel;j'ai besoin d'une cloture;non resoludemande;;1;116;HELAINE;Philippe;116;GALVEZ;Fausto
83210;3;rue peirex;BELGENTIER;Etude;etude de plan;Resolu;Demande;1;117;LACAMPAGNE;Daniel;117;JOUSSET;Mathieu
06200;84;avenue henri matisse;VENCE;Temperature;Panne du ballon d'eau chaude;en cours;Demande;3;118;MOTHU;Gisèle;118;LUMETA;Vincent
91170;65;rue francoeur;VIRY CHATILLON;Materiel;Remplacement du portail;Resolu;Incident;1;119;SABATIER;Alain;119;KRIVOCAPIC;Branco
91070;32;rue du maréchal leclerc;BONDOUFLE;Etude;Etude de sol;non résolu;Demande;1;120;TOUBLANC;Adeline;120;NOTARI;Jean Philippe
78240;15;Rue des Petits Pères;Trifouillis-les-Oies;Materiel;Le monte-charge a besoin d'un contrôle;Resolu;Demande;1;121;Tira;Matalino;121;Sinac;Mistaur
74160;152;PLACE DE LA BANQUE;Bordeaux;Etude;Il faut un plan pour installer des chaussettes à la cheminée;Resolu;Demande;1;122;Durion;Nandor;122;De Beaufort;Hildegarde
93410;45;Rue Saint-Honoré;Pontoise;Temperature;Le Groenland est trop froid pour mes rennes;Ouvert;Demande;1;123;Lézard;Neyfer;123;Depère;Valef
52300;65;Place du Palais;Caen;Materiel;Le porte-bagage est cassé;en cours;Incident;2;124;Bellini;Megara;124;Na;Gwylonna
93470;15;Avenue des Champs Elysees;Calais;Etude;Il faut vérifier mon cours de biologie;en cours;Demande;2;125;Espochi;Natanael;125;Qeur;Altaaraen
51380;84;Rue Blonduelle;Caux;Temperature;Le four n'est pas assez chaud pour les pizzas;Ouvert;Incident;3;126;Farhadis;Charus;126;Syronis;Quartus
71670;56;Place des Victoires;Pau;Materiel;Le premier étage de la fusée a explosé;Resolu;Incident;3;127;Monnier;Anatole;127;Larrelier;Arwen
35620;874;Champs de Mars;Lille;Etude;Il me faut une maquette à l'échelle 1:1 pour mon projet;Resolu;Demande;1;128;Ribaude;Gonstand;128;Viltis;Yenova
82430;54;Chemin des oiseaux;Toulouse;Temperature;Le brumisateur est en panne;Ouvert;Incident;1;129;Sker;Smara;129;Staende;Dragil
13450;12;Un petit chemin;Rouen;Materiel;J'ai perdu la clef de démarrage de la tondeuse;Ouvert;Demande;1;130;Zerua;Sven;130;Staende;Aélios
65020;615;Rue Grossin;Evry;Etude;J'ai besoin des informations sur les délais;Ouvert;Demande;2;131;Vonari;Yashar;131;Cairn;Iullius
34150;23;Allée des orangers;Mont-Saint-Michel;Temperature;Le thermomètre indique des valeurs excessives;en cours;Incident;1;132;Praefectis;Lucio;132;Mondoré;Kielo
63510;8;Chemin aux noisettes;Evreux;Materiel;La lumière ne s'allume plus dans l'habitacle;en cours;Incident;3;133;Ragever;Eltator;133;Nepheris;Sehlis
74620;9;Rue Louis de Broglie;Brest;Etude;Il faut contrôler les installations;Ouvert;Demande;1;134;Barrett;Fabrice;134;Detremblay;Cassandre
15720;456;Rue de la Vallée;Lorient;Temperature;Contrôle de la chambre froide;Resolu;Demande;1;135;Séraphin;Ethan;135;Mihra;Neshan
48630;12;Rue des Bons Pères;Quimper;Materiel;Les prises électriques doivent être vérifiées;en cours;Demande;3;136;Patchole;Don;136;Aksaïnen;Bardan
49630;325;Rue Sacos;Nantes;Etude;L'installation doit être avancée d'une semaine;Ouvert;Demande;1;137;Hikari;Aeris;137;Cairn;André
35820;56;Avenue Sans-Retour;Saint-Malo;Temperature;Le ventilateur n'est plus assezpuissant;Resolu;Incident;1;138;Dironiil;Noraz;138;Notaris;Théodôros
49320;12;Impasse des Bons amis;Saint-Nazaire;Materiel;Les outils ne sont plus aux normes;en cours;Demande;1;139;Linden;Lynni;139;Ahrondor;Naro
69520;35;Père La Chaise;Vannes;Etude;Travaux préparatoire à la mise aux normes;en cours;Demande;2;140;FrancheBrise;Uth;140;Iadirus;Lloyd
64120;48;Rue Ricolotte;Rennes;Temperature;Le radiateur doit être agrandi;Resolu;Demande;2;141;Bonheur;Gontrand;141;Tanguy;Gwendolynn
